seed_block_id,seed_role,model_init_seed,development_data_seed,common_data_seed,common_order_seed,eval_seed,bootstrap_seed
001,primary,1209666539,1476632150,431693453,1367423252,450115545,1637883810
002,primary,986631098,845413824,2094954385,744363723,546106018,1972434412
003,primary,2038821159,117956657,991034817,1306727103,884011919,160052749
004,primary,1764708725,856454431,225364328,1490156117,148151859,1520018722
005,primary,1579445891,1513646433,1639924722,2097248813,1209246314,1274974166
006,primary,876049312,979145272,1179462039,1481897918,750837617,74189176
007,primary,1343457446,609910955,565147625,1801805178,1282135513,339500061
008,primary,1874768400,1788358620,544975450,1454806126,245116331,625199541
009,primary,2066943861,1159733449,1978124357,1838964396,742419914,103471748
010,primary,2125887879,881475149,877737410,1928503412,425691974,1736528866
011,primary,6464495,1845514163,1608467841,1038237233,232110916,1652305417
012,primary,488922611,1342660599,1547215649,1919880222,491557870,930012954
013,primary,129162033,2039837858,103542349,1550149717,1646420624,1665620847
014,primary,2062442512,1157971713,1829994584,155357412,15089177,1973372288
015,primary,182236635,780818963,794737951,1813181544,20117605,2035787601
016,primary,1043482522,892140016,433540238,972389805,1282958837,577081343
017,primary,1653007328,1505997976,36789363,1147392500,250664366,450437838
018,primary,1578588961,276527979,1470756209,2035322065,252741216,1684331564
019,primary,1401614634,953301987,1994346406,1059653309,1219253831,200723003
020,primary,1420166496,1125980656,1230534171,274003992,1183157802,1050037369
021,primary,2103024705,1524320807,622727082,2124950702,1992991849,1461184375
022,primary,1810111357,19656659,1036968207,1687560767,1495929738,1598585404
023,primary,1154147667,1803611465,1508167041,629611280,1612794409,1903692126
024,primary,1567950944,1731493459,1481926776,1196999014,73032526,1353795076
025,primary,1656240754,524021280,1570010559,1456275225,87120611,1306506770
026,primary,666365757,107758354,873923023,453517986,2040887801,883491649
027,primary,2146120980,571056090,2144761267,812666158,1650060828,1549164811
028,primary,1535856155,174201717,292695304,941435252,348027850,1316312047
029,primary,363094375,1316371347,1578679582,1376496053,1975209336,852393997
030,primary,1305275913,553488441,1840586385,266143316,704807412,1400889977
031,reserve,254401764,1523016958,1085984982,2120025741,1642699209,1458682694
032,reserve,1198418191,1081971423,2069253601,735797069,1323446624,1451857058
033,reserve,1948396276,1062059870,1575829033,1295700688,1658076720,858793073
034,reserve,1878211024,1438143112,650841701,20585929,627882838,265542644
035,reserve,848414106,1145599444,1005781129,1489560200,1186891580,1448317640
036,reserve,1368170202,2080055375,1994670118,834958547,1881904783,624604168
037,reserve,1507199890,1697220714,484210237,469857785,1385859717,816514192
038,reserve,1873162237,710873049,555683269,1847566834,1022035399,1686000594
039,reserve,448089495,1851101129,426124956,1404961230,1395932353,784458027
040,reserve,89485593,1826600674,115439473,434124812,1188850194,436855763
