seed,condition,step,analysis_label,non_renormalized_label,accuracy_A,accuracy_B,routing_specialization,router_entropy,causal_specialization_renormalized,causal_specialization_non_renormalized
0,BLOCKED_AB,10000,POST-HOC EXPLORATORY ANALYSIS,POST-HOC SECONDARY ANALYSIS,0.9793400168418884,0.9807400107383728,0.8046659231185913,0.30326424539089203,0.47377997636795044,0.36239999532699585
0,BLOCKED_AB,20000,PILOT V1 CONFIRMATORY ENDPOINT (RENORMALIZED ONLY),POST-HOC SECONDARY ANALYSIS,0.9894000291824341,0.9882799983024597,0.8063019514083862,0.3011948987841606,0.47731995582580566,0.36785000562667847
0,BLOCKED_AB,4000,POST-HOC EXPLORATORY ANALYSIS,POST-HOC SECONDARY ANALYSIS,0.5019599795341492,0.9768400192260742,0.02285727858543396,0.6814577579498291,0.031510040163993835,0.042320042848587036
0,BLOCKED_BA,10000,POST-HOC EXPLORATORY ANALYSIS,POST-HOC SECONDARY ANALYSIS,0.9795799851417542,0.9806200265884399,0.8232976198196411,0.28874580562114716,0.4577600061893463,0.377920001745224
0,BLOCKED_BA,20000,PILOT V1 CONFIRMATORY ENDPOINT (RENORMALIZED ONLY),POST-HOC SECONDARY ANALYSIS,0.9878399968147278,0.9887199997901917,0.8262499570846558,0.2870112210512161,0.4637099802494049,0.37866997718811035
0,BLOCKED_BA,4000,POST-HOC EXPLORATORY ANALYSIS,POST-HOC SECONDARY ANALYSIS,0.9735000133514404,0.5026999711990356,0.011435002088546753,0.6833997368812561,0.020580053329467773,0.03447002172470093
0,INTERLEAVED,10000,POST-HOC EXPLORATORY ANALYSIS,POST-HOC SECONDARY ANALYSIS,0.9782999753952026,0.9812800288200378,0.5150013566017151,0.5487692952156067,0.32284998893737793,0.2681199908256531
0,INTERLEAVED,20000,PILOT V1 CONFIRMATORY ENDPOINT (RENORMALIZED ONLY),POST-HOC SECONDARY ANALYSIS,0.9881799817085266,0.9891600012779236,0.513237714767456,0.5503414571285248,0.3279799520969391,0.27397000789642334
0,INTERLEAVED,4000,POST-HOC EXPLORATORY ANALYSIS,POST-HOC SECONDARY ANALYSIS,0.9662799835205078,0.9611200094223022,0.4766945242881775,0.5673943758010864,0.2781299948692322,0.2274099886417389
1,BLOCKED_AB,10000,POST-HOC EXPLORATORY ANALYSIS,POST-HOC SECONDARY ANALYSIS,0.9791600108146667,0.9782000184059143,0.6823290586471558,0.43068429827690125,0.4315299987792969,0.36500999331474304
1,BLOCKED_AB,20000,PILOT V1 CONFIRMATORY ENDPOINT (RENORMALIZED ONLY),POST-HOC SECONDARY ANALYSIS,0.9899600148200989,0.988099992275238,0.6807646751403809,0.43230298161506653,0.4413900077342987,0.37206000089645386
1,BLOCKED_AB,4000,POST-HOC EXPLORATORY ANALYSIS,POST-HOC SECONDARY ANALYSIS,0.5018600225448608,0.9704399704933167,0.007350221276283264,0.6709610521793365,0.06717994809150696,0.0755799412727356
1,BLOCKED_BA,10000,POST-HOC EXPLORATORY ANALYSIS,POST-HOC SECONDARY ANALYSIS,0.9801999926567078,0.9776999950408936,0.8433042168617249,0.268308587372303,0.4832000136375427,0.35280999541282654
1,BLOCKED_BA,20000,PILOT V1 CONFIRMATORY ENDPOINT (RENORMALIZED ONLY),POST-HOC SECONDARY ANALYSIS,0.9886199831962585,0.9889000058174133,0.8517768383026123,0.2582247033715248,0.494670033454895,0.36028000712394714
1,BLOCKED_BA,4000,POST-HOC EXPLORATORY ANALYSIS,POST-HOC SECONDARY ANALYSIS,0.972540020942688,0.5014600157737732,0.042726024985313416,0.6742730438709259,0.04414999485015869,0.05035999417304993
1,INTERLEAVED,10000,POST-HOC EXPLORATORY ANALYSIS,POST-HOC SECONDARY ANALYSIS,0.9769600033760071,0.9793400168418884,0.05813220143318176,0.6430853605270386,0.03567001223564148,0.040800005197525024
1,INTERLEAVED,20000,PILOT V1 CONFIRMATORY ENDPOINT (RENORMALIZED ONLY),POST-HOC SECONDARY ANALYSIS,0.9881200194358826,0.9876000285148621,0.05355510115623474,0.6444508731365204,0.03385999798774719,0.039140015840530396
1,INTERLEAVED,4000,POST-HOC EXPLORATORY ANALYSIS,POST-HOC SECONDARY ANALYSIS,0.9488000273704529,0.9648000001907349,0.05396786332130432,0.657196432352066,0.04145997762680054,0.04714995622634888
10,BLOCKED_AB,10000,POST-HOC EXPLORATORY ANALYSIS,POST-HOC SECONDARY ANALYSIS,0.9806600213050842,0.9794600009918213,0.7642776370048523,0.34826938807964325,0.4629899859428406,0.3669300079345703
10,BLOCKED_AB,20000,PILOT V1 CONFIRMATORY ENDPOINT (RENORMALIZED ONLY),POST-HOC SECONDARY ANALYSIS,0.9896600246429443,0.9888799786567688,0.7671273946762085,0.3427621200680733,0.473609983921051,0.371069997549057
10,BLOCKED_AB,4000,POST-HOC EXPLORATORY ANALYSIS,POST-HOC SECONDARY ANALYSIS,0.49977999925613403,0.972000002861023,0.0138702392578125,0.680166482925415,0.04158999025821686,0.04782998561859131
10,BLOCKED_BA,10000,POST-HOC EXPLORATORY ANALYSIS,POST-HOC SECONDARY ANALYSIS,0.9799799919128418,0.9780399799346924,0.14197027683258057,0.6294948160648346,0.05845999717712402,0.04890000820159912
10,BLOCKED_BA,20000,PILOT V1 CONFIRMATORY ENDPOINT (RENORMALIZED ONLY),POST-HOC SECONDARY ANALYSIS,0.988099992275238,0.988319993019104,0.13527964055538177,0.628533661365509,0.05724000930786133,0.05019998550415039
10,BLOCKED_BA,4000,POST-HOC EXPLORATORY ANALYSIS,POST-HOC SECONDARY ANALYSIS,0.9741600155830383,0.5053600072860718,0.00010730326175689697,0.6798112392425537,0.04720999300479889,0.05380001664161682
10,INTERLEAVED,10000,POST-HOC EXPLORATORY ANALYSIS,POST-HOC SECONDARY ANALYSIS,0.9800999760627747,0.9785199761390686,0.6226887106895447,0.4600234776735306,0.3027700185775757,0.2959199845790863
10,INTERLEAVED,20000,PILOT V1 CONFIRMATORY ENDPOINT (RENORMALIZED ONLY),POST-HOC SECONDARY ANALYSIS,0.9889000058174133,0.9868999719619751,0.6221521496772766,0.46080778539180756,0.3105199933052063,0.30619001388549805
10,INTERLEAVED,4000,POST-HOC EXPLORATORY ANALYSIS,POST-HOC SECONDARY ANALYSIS,0.9635199904441833,0.9634400010108948,0.5493007898330688,0.5142160505056381,0.2563000023365021,0.24966996908187866
11,BLOCKED_AB,10000,POST-HOC EXPLORATORY ANALYSIS,POST-HOC SECONDARY ANALYSIS,0.9833199977874756,0.9803799986839294,0.6690100431442261,0.4390898644924164,0.4244000017642975,0.3701399862766266
11,BLOCKED_AB,20000,PILOT V1 CONFIRMATORY ENDPOINT (RENORMALIZED ONLY),POST-HOC SECONDARY ANALYSIS,0.9891999959945679,0.9886999726295471,0.6703994274139404,0.43854059278964996,0.43573999404907227,0.37890002131462097
11,BLOCKED_AB,4000,POST-HOC EXPLORATORY ANALYSIS,POST-HOC SECONDARY ANALYSIS,0.5011199712753296,0.9751200079917908,0.010856270790100098,0.6590489149093628,0.06747004389762878,0.0797400176525116
11,BLOCKED_BA,10000,POST-HOC EXPLORATORY ANALYSIS,POST-HOC SECONDARY ANALYSIS,0.9824000000953674,0.9831799864768982,0.8160710334777832,0.3032630532979965,0.4962700307369232,0.34153997898101807
11,BLOCKED_BA,20000,PILOT V1 CONFIRMATORY ENDPOINT (RENORMALIZED ONLY),POST-HOC SECONDARY ANALYSIS,0.988319993019104,0.9894599914550781,0.818407416343689,0.30028319358825684,0.5026999711990356,0.3496600091457367
11,BLOCKED_BA,4000,POST-HOC EXPLORATORY ANALYSIS,POST-HOC SECONDARY ANALYSIS,0.9748200178146362,0.5059800148010254,0.05306163430213928,0.6504068374633789,0.07431000471115112,0.07933998107910156
11,INTERLEAVED,10000,POST-HOC EXPLORATORY ANALYSIS,POST-HOC SECONDARY ANALYSIS,0.9808400273323059,0.9786400198936462,0.08391766250133514,0.6424654126167297,0.040829986333847046,0.04543998837471008
11,INTERLEAVED,20000,PILOT V1 CONFIRMATORY ENDPOINT (RENORMALIZED ONLY),POST-HOC SECONDARY ANALYSIS,0.9880200028419495,0.9881799817085266,0.07719121873378754,0.6437520682811737,0.039110004901885986,0.04312998056411743
11,INTERLEAVED,4000,POST-HOC EXPLORATORY ANALYSIS,POST-HOC SECONDARY ANALYSIS,0.9612799882888794,0.9598199725151062,0.09131498634815216,0.6537628471851349,0.03049999475479126,0.03885003924369812
12,BLOCKED_AB,10000,POST-HOC EXPLORATORY ANALYSIS,POST-HOC SECONDARY ANALYSIS,0.98089998960495,0.9835399985313416,0.7784289121627808,0.33134542405605316,0.45976001024246216,0.39365002512931824
12,BLOCKED_AB,20000,PILOT V1 CONFIRMATORY ENDPOINT (RENORMALIZED ONLY),POST-HOC SECONDARY ANALYSIS,0.9893800020217896,0.9891200065612793,0.789268434047699,0.3197658136487007,0.4649699926376343,0.39131999015808105
12,BLOCKED_AB,4000,POST-HOC EXPLORATORY ANALYSIS,POST-HOC SECONDARY ANALYSIS,0.4990600049495697,0.9726799726486206,0.016296491026878357,0.6803475618362427,0.049899935722351074,0.056269943714141846
12,BLOCKED_BA,10000,POST-HOC EXPLORATORY ANALYSIS,POST-HOC SECONDARY ANALYSIS,0.9795200228691101,0.9841399788856506,0.8369655013084412,0.27773356437683105,0.4795699715614319,0.3678100109100342
12,BLOCKED_BA,20000,PILOT V1 CONFIRMATORY ENDPOINT (RENORMALIZED ONLY),POST-HOC SECONDARY ANALYSIS,0.989300012588501,0.9894199967384338,0.8453531265258789,0.2679600268602371,0.482479989528656,0.36604002118110657
12,BLOCKED_BA,4000,POST-HOC EXPLORATORY ANALYSIS,POST-HOC SECONDARY ANALYSIS,0.9741799831390381,0.505079984664917,0.035581424832344055,0.6699271202087402,0.02902999520301819,0.03967002034187317
12,INTERLEAVED,10000,POST-HOC EXPLORATORY ANALYSIS,POST-HOC SECONDARY ANALYSIS,0.9797000288963318,0.9779999852180481,0.21039417386054993,0.6198649108409882,0.09341001510620117,0.09560999274253845
12,INTERLEAVED,20000,PILOT V1 CONFIRMATORY ENDPOINT (RENORMALIZED ONLY),POST-HOC SECONDARY ANALYSIS,0.9886800050735474,0.9886400103569031,0.20258523523807526,0.6233069002628326,0.09245002269744873,0.09656000137329102
12,INTERLEAVED,4000,POST-HOC EXPLORATORY ANALYSIS,POST-HOC SECONDARY ANALYSIS,0.9526200294494629,0.9700999855995178,0.23454153537750244,0.6288570463657379,0.07086002826690674,0.0789400041103363
13,BLOCKED_AB,10000,POST-HOC EXPLORATORY ANALYSIS,POST-HOC SECONDARY ANALYSIS,0.9778800010681152,0.9757800102233887,0.7320387363433838,0.38178904354572296,0.4354400038719177,0.3875900208950043
13,BLOCKED_AB,20000,PILOT V1 CONFIRMATORY ENDPOINT (RENORMALIZED ONLY),POST-HOC SECONDARY ANALYSIS,0.9887999892234802,0.9879000186920166,0.7325209379196167,0.383235827088356,0.4450100064277649,0.3961999714374542
13,BLOCKED_AB,4000,POST-HOC EXPLORATORY ANALYSIS,POST-HOC SECONDARY ANALYSIS,0.5024399757385254,0.9704200029373169,0.015028327703475952,0.6715461015701294,0.11295002698898315,0.11377003788948059
13,BLOCKED_BA,10000,POST-HOC EXPLORATORY ANALYSIS,POST-HOC SECONDARY ANALYSIS,0.9771400094032288,0.9791799783706665,0.5059611201286316,0.5377691686153412,0.3637000024318695,0.3459300100803375
13,BLOCKED_BA,20000,PILOT V1 CONFIRMATORY ENDPOINT (RENORMALIZED ONLY),POST-HOC SECONDARY ANALYSIS,0.9874600172042847,0.9892799854278564,0.5100442171096802,0.5353153347969055,0.37351998686790466,0.3518100082874298
13,BLOCKED_BA,4000,POST-HOC EXPLORATORY ANALYSIS,POST-HOC SECONDARY ANALYSIS,0.9727799892425537,0.502780020236969,0.04056970775127411,0.676114022731781,0.18225997686386108,0.17902997136116028
13,INTERLEAVED,10000,POST-HOC EXPLORATORY ANALYSIS,POST-HOC SECONDARY ANALYSIS,0.9819599986076355,0.9771599769592285,0.31966227293014526,0.5954055786132812,0.13026002049446106,0.13357999920845032
13,INTERLEAVED,20000,PILOT V1 CONFIRMATORY ENDPOINT (RENORMALIZED ONLY),POST-HOC SECONDARY ANALYSIS,0.9886199831962585,0.987779974937439,0.30410969257354736,0.6017115116119385,0.12231998145580292,0.12490001320838928
13,INTERLEAVED,4000,POST-HOC EXPLORATORY ANALYSIS,POST-HOC SECONDARY ANALYSIS,0.9540799856185913,0.966759979724884,0.3344000577926636,0.6025060415267944,0.10526999831199646,0.11269998550415039
14,BLOCKED_AB,10000,POST-HOC EXPLORATORY ANALYSIS,POST-HOC SECONDARY ANALYSIS,0.9733399748802185,0.9736800193786621,0.37412798404693604,0.5623362064361572,0.19587001204490662,0.17941001057624817
14,BLOCKED_AB,20000,PILOT V1 CONFIRMATORY ENDPOINT (RENORMALIZED ONLY),POST-HOC SECONDARY ANALYSIS,0.9887199997901917,0.9876000285148621,0.3714013695716858,0.5612400770187378,0.20550000667572021,0.18828999996185303
14,BLOCKED_AB,4000,POST-HOC EXPLORATORY ANALYSIS,POST-HOC SECONDARY ANALYSIS,0.49803999066352844,0.9744399785995483,0.005408942699432373,0.6806423366069794,0.03925001621246338,0.050480008125305176
14,BLOCKED_BA,10000,POST-HOC EXPLORATORY ANALYSIS,POST-HOC SECONDARY ANALYSIS,0.9773200154304504,0.980180025100708,0.7760665416717529,0.3355768173933029,0.4501899480819702,0.37290000915527344
14,BLOCKED_BA,20000,PILOT V1 CONFIRMATORY ENDPOINT (RENORMALIZED ONLY),POST-HOC SECONDARY ANALYSIS,0.9886000156402588,0.9894999861717224,0.7821956276893616,0.32976222038269043,0.45885998010635376,0.3782099783420563
14,BLOCKED_BA,4000,POST-HOC EXPLORATORY ANALYSIS,POST-HOC SECONDARY ANALYSIS,0.9733800292015076,0.5062400102615356,0.012539207935333252,0.6628613770008087,0.0499500036239624,0.05390003323554993
14,INTERLEAVED,10000,POST-HOC EXPLORATORY ANALYSIS,POST-HOC SECONDARY ANALYSIS,0.976360023021698,0.9797400236129761,0.70222008228302,0.39369484782218933,0.3523299992084503,0.3422200083732605
14,INTERLEAVED,20000,PILOT V1 CONFIRMATORY ENDPOINT (RENORMALIZED ONLY),POST-HOC SECONDARY ANALYSIS,0.9883999824523926,0.9880399703979492,0.7063591480255127,0.3912317305803299,0.35850998759269714,0.3500499725341797
14,INTERLEAVED,4000,POST-HOC EXPLORATORY ANALYSIS,POST-HOC SECONDARY ANALYSIS,0.9642400145530701,0.9710400104522705,0.6433860659599304,0.44591203331947327,0.2960999608039856,0.29354000091552734
15,BLOCKED_AB,10000,POST-HOC EXPLORATORY ANALYSIS,POST-HOC SECONDARY ANALYSIS,0.9821000099182129,0.9792600274085999,0.7521241903305054,0.36916375160217285,0.4687199592590332,0.3611900210380554
15,BLOCKED_AB,20000,PILOT V1 CONFIRMATORY ENDPOINT (RENORMALIZED ONLY),POST-HOC SECONDARY ANALYSIS,0.9895200133323669,0.9886400103569031,0.7565637826919556,0.3644196093082428,0.48027998208999634,0.37099000811576843
15,BLOCKED_AB,4000,POST-HOC EXPLORATORY ANALYSIS,POST-HOC SECONDARY ANALYSIS,0.49779999256134033,0.9679399728775024,0.04960130155086517,0.6556799709796906,0.13098998367786407,0.13178998231887817
15,BLOCKED_BA,10000,POST-HOC EXPLORATORY ANALYSIS,POST-HOC SECONDARY ANALYSIS,0.9814000129699707,0.9806600213050842,0.6887645125389099,0.42294152081012726,0.41729000210762024,0.3471600115299225
15,BLOCKED_BA,20000,PILOT V1 CONFIRMATORY ENDPOINT (RENORMALIZED ONLY),POST-HOC SECONDARY ANALYSIS,0.9871799945831299,0.9887800216674805,0.7017999887466431,0.4134005308151245,0.43007001280784607,0.3504200279712677
15,BLOCKED_BA,4000,POST-HOC EXPLORATORY ANALYSIS,POST-HOC SECONDARY ANALYSIS,0.9721800088882446,0.5089600086212158,0.019137457013130188,0.6684161722660065,0.14514000713825226,0.15231996774673462
15,INTERLEAVED,10000,POST-HOC EXPLORATORY ANALYSIS,POST-HOC SECONDARY ANALYSIS,0.9778199791908264,0.9785000085830688,0.3958338499069214,0.5848844945430756,0.1905899941921234,0.17924997210502625
15,INTERLEAVED,20000,PILOT V1 CONFIRMATORY ENDPOINT (RENORMALIZED ONLY),POST-HOC SECONDARY ANALYSIS,0.9876599907875061,0.9879800081253052,0.38211530447006226,0.5901290774345398,0.19291001558303833,0.18314000964164734
15,INTERLEAVED,4000,POST-HOC EXPLORATORY ANALYSIS,POST-HOC SECONDARY ANALYSIS,0.9508399963378906,0.9547600150108337,0.3598364293575287,0.6092207729816437,0.16098999977111816,0.15597999095916748
16,BLOCKED_AB,10000,POST-HOC EXPLORATORY ANALYSIS,POST-HOC SECONDARY ANALYSIS,0.9794999957084656,0.9748600125312805,0.6623578667640686,0.41494758427143097,0.41460999846458435,0.38543999195098877
16,BLOCKED_AB,20000,PILOT V1 CONFIRMATORY ENDPOINT (RENORMALIZED ONLY),POST-HOC SECONDARY ANALYSIS,0.9890000224113464,0.9879800081253052,0.6616852283477783,0.41586779057979584,0.4154300093650818,0.379800021648407
16,BLOCKED_AB,4000,POST-HOC EXPLORATORY ANALYSIS,POST-HOC SECONDARY ANALYSIS,0.4986799955368042,0.9713799953460693,0.021840080618858337,0.6795859932899475,0.05975998938083649,0.0679900050163269
16,BLOCKED_BA,10000,POST-HOC EXPLORATORY ANALYSIS,POST-HOC SECONDARY ANALYSIS,0.9799000024795532,0.9743199944496155,0.21612586081027985,0.6249910891056061,0.16944003105163574,0.17910003662109375
16,BLOCKED_BA,20000,PILOT V1 CONFIRMATORY ENDPOINT (RENORMALIZED ONLY),POST-HOC SECONDARY ANALYSIS,0.9880399703979492,0.9882599711418152,0.219156876206398,0.6221528053283691,0.1780499815940857,0.18699997663497925
16,BLOCKED_BA,4000,POST-HOC EXPLORATORY ANALYSIS,POST-HOC SECONDARY ANALYSIS,0.9732800126075745,0.5052800178527832,0.01924915611743927,0.6582359075546265,0.345039963722229,0.33225998282432556
16,INTERLEAVED,10000,POST-HOC EXPLORATORY ANALYSIS,POST-HOC SECONDARY ANALYSIS,0.9800199866294861,0.9802799820899963,0.07108186185359955,0.6463859379291534,0.060979992151260376,0.05910000205039978
16,INTERLEAVED,20000,PILOT V1 CONFIRMATORY ENDPOINT (RENORMALIZED ONLY),POST-HOC SECONDARY ANALYSIS,0.9880599975585938,0.9882799983024597,0.06273236870765686,0.6472111344337463,0.06759998202323914,0.06564000248908997
16,INTERLEAVED,4000,POST-HOC EXPLORATORY ANALYSIS,POST-HOC SECONDARY ANALYSIS,0.9530799984931946,0.9647600054740906,0.10816869139671326,0.6571009755134583,0.03597000241279602,0.03485000133514404
17,BLOCKED_AB,10000,POST-HOC EXPLORATORY ANALYSIS,POST-HOC SECONDARY ANALYSIS,0.9785799980163574,0.9821000099182129,0.8016501665115356,0.3173118084669113,0.47356998920440674,0.3755199909210205
17,BLOCKED_AB,20000,PILOT V1 CONFIRMATORY ENDPOINT (RENORMALIZED ONLY),POST-HOC SECONDARY ANALYSIS,0.9887800216674805,0.9876999855041504,0.8036068677902222,0.31416621804237366,0.4787200093269348,0.3813300132751465
17,BLOCKED_AB,4000,POST-HOC EXPLORATORY ANALYSIS,POST-HOC SECONDARY ANALYSIS,0.5026800036430359,0.9685199856758118,0.03451278805732727,0.6784661710262299,0.016529977321624756,0.03167998790740967
17,BLOCKED_BA,10000,POST-HOC EXPLORATORY ANALYSIS,POST-HOC SECONDARY ANALYSIS,0.9758599996566772,0.9797000288963318,0.07269719243049622,0.6435814797878265,0.09925001859664917,0.10171002149581909
17,BLOCKED_BA,20000,PILOT V1 CONFIRMATORY ENDPOINT (RENORMALIZED ONLY),POST-HOC SECONDARY ANALYSIS,0.9876800179481506,0.9868599772453308,0.06662879884243011,0.6414140462875366,0.11225995421409607,0.11320993304252625
17,BLOCKED_BA,4000,POST-HOC EXPLORATORY ANALYSIS,POST-HOC SECONDARY ANALYSIS,0.9709399938583374,0.5033199787139893,0.0009874552488327026,0.6840465068817139,0.1113700121641159,0.11546000838279724
17,INTERLEAVED,10000,POST-HOC EXPLORATORY ANALYSIS,POST-HOC SECONDARY ANALYSIS,0.9794999957084656,0.9817000031471252,0.6281082034111023,0.4710056930780411,0.3713899850845337,0.34366998076438904
17,INTERLEAVED,20000,PILOT V1 CONFIRMATORY ENDPOINT (RENORMALIZED ONLY),POST-HOC SECONDARY ANALYSIS,0.9883599877357483,0.9872000217437744,0.6297143697738647,0.47068874537944794,0.3803099989891052,0.3557300269603729
17,INTERLEAVED,4000,POST-HOC EXPLORATORY ANALYSIS,POST-HOC SECONDARY ANALYSIS,0.9646599888801575,0.9645199775695801,0.5647494792938232,0.5148847699165344,0.3071099817752838,0.2876700162887573
18,BLOCKED_AB,10000,POST-HOC EXPLORATORY ANALYSIS,POST-HOC SECONDARY ANALYSIS,0.9781200289726257,0.9804400205612183,0.7655620574951172,0.3518025279045105,0.46052998304367065,0.3739699721336365
18,BLOCKED_AB,20000,PILOT V1 CONFIRMATORY ENDPOINT (RENORMALIZED ONLY),POST-HOC SECONDARY ANALYSIS,0.9889199733734131,0.98853999376297,0.7613785266876221,0.3567029684782028,0.47126999497413635,0.37880998849868774
18,BLOCKED_AB,4000,POST-HOC EXPLORATORY ANALYSIS,POST-HOC SECONDARY ANALYSIS,0.502839982509613,0.9722200036048889,0.015375196933746338,0.6744530498981476,0.051950037479400635,0.05810001492500305
18,BLOCKED_BA,10000,POST-HOC EXPLORATORY ANALYSIS,POST-HOC SECONDARY ANALYSIS,0.9740599989891052,0.9788200259208679,0.145158052444458,0.6200069189071655,0.1872900426387787,0.17238003015518188
18,BLOCKED_BA,20000,PILOT V1 CONFIRMATORY ENDPOINT (RENORMALIZED ONLY),POST-HOC SECONDARY ANALYSIS,0.9869599938392639,0.9884399771690369,0.1333049088716507,0.6163653135299683,0.21098995208740234,0.19126999378204346
18,BLOCKED_BA,4000,POST-HOC EXPLORATORY ANALYSIS,POST-HOC SECONDARY ANALYSIS,0.9742599725723267,0.5047199726104736,0.002875998616218567,0.6725979745388031,0.04396998882293701,0.054870009422302246
18,INTERLEAVED,10000,POST-HOC EXPLORATORY ANALYSIS,POST-HOC SECONDARY ANALYSIS,0.9738199710845947,0.9765200018882751,0.17278039455413818,0.635321706533432,0.10028001666069031,0.09245997667312622
18,INTERLEAVED,20000,PILOT V1 CONFIRMATORY ENDPOINT (RENORMALIZED ONLY),POST-HOC SECONDARY ANALYSIS,0.9879599809646606,0.9886599779129028,0.1679764688014984,0.6366834938526154,0.10324999690055847,0.09539997577667236
18,INTERLEAVED,4000,POST-HOC EXPLORATORY ANALYSIS,POST-HOC SECONDARY ANALYSIS,0.9680600166320801,0.9685199856758118,0.1636129766702652,0.6498029828071594,0.07656002044677734,0.07712998986244202
19,BLOCKED_AB,10000,POST-HOC EXPLORATORY ANALYSIS,POST-HOC SECONDARY ANALYSIS,0.9785400032997131,0.976419985294342,0.7693752646446228,0.3542025089263916,0.4762499928474426,0.3540000021457672
19,BLOCKED_AB,20000,PILOT V1 CONFIRMATORY ENDPOINT (RENORMALIZED ONLY),POST-HOC SECONDARY ANALYSIS,0.9888799786567688,0.9876999855041504,0.7676074504852295,0.3558834046125412,0.48431000113487244,0.3623200058937073
19,BLOCKED_AB,4000,POST-HOC EXPLORATORY ANALYSIS,POST-HOC SECONDARY ANALYSIS,0.49643999338150024,0.9722399711608887,0.006468355655670166,0.6790285706520081,0.08080996572971344,0.08465999364852905
19,BLOCKED_BA,10000,POST-HOC EXPLORATORY ANALYSIS,POST-HOC SECONDARY ANALYSIS,0.9805799722671509,0.9782800078392029,0.8196858167648315,0.2952335476875305,0.47214996814727783,0.39485999941825867
19,BLOCKED_BA,20000,PILOT V1 CONFIRMATORY ENDPOINT (RENORMALIZED ONLY),POST-HOC SECONDARY ANALYSIS,0.9882400035858154,0.9887599945068359,0.8319486379623413,0.28184637427330017,0.4796600341796875,0.39743998646736145
19,BLOCKED_BA,4000,POST-HOC EXPLORATORY ANALYSIS,POST-HOC SECONDARY ANALYSIS,0.9700199961662292,0.5077999830245972,0.11723117530345917,0.6447703242301941,0.1648399829864502,0.15393003821372986
19,INTERLEAVED,10000,POST-HOC EXPLORATORY ANALYSIS,POST-HOC SECONDARY ANALYSIS,0.9779199957847595,0.9733399748802185,0.7236725091934204,0.37178201973438263,0.35203999280929565,0.3500799834728241
19,INTERLEAVED,20000,PILOT V1 CONFIRMATORY ENDPOINT (RENORMALIZED ONLY),POST-HOC SECONDARY ANALYSIS,0.9875800013542175,0.9861000180244446,0.7323000431060791,0.3655378818511963,0.35728999972343445,0.3554399907588959
19,INTERLEAVED,4000,POST-HOC EXPLORATORY ANALYSIS,POST-HOC SECONDARY ANALYSIS,0.957539975643158,0.968779981136322,0.6669474840164185,0.42417027056217194,0.302949994802475,0.3083399832248688
2,BLOCKED_AB,10000,POST-HOC EXPLORATORY ANALYSIS,POST-HOC SECONDARY ANALYSIS,0.9783200025558472,0.9747800230979919,0.35715150833129883,0.6026744842529297,0.2634499967098236,0.24491000175476074
2,BLOCKED_AB,20000,PILOT V1 CONFIRMATORY ENDPOINT (RENORMALIZED ONLY),POST-HOC SECONDARY ANALYSIS,0.9894400238990784,0.9871000051498413,0.36494937539100647,0.598097950220108,0.28988000750541687,0.27150002121925354
2,BLOCKED_AB,4000,POST-HOC EXPLORATORY ANALYSIS,POST-HOC SECONDARY ANALYSIS,0.49928000569343567,0.9700999855995178,0.02381497621536255,0.6776252090930939,0.2378299981355667,0.2380799651145935
2,BLOCKED_BA,10000,POST-HOC EXPLORATORY ANALYSIS,POST-HOC SECONDARY ANALYSIS,0.9827799797058105,0.9770200252532959,0.7830021381378174,0.3382204473018646,0.48701000213623047,0.36327001452445984
2,BLOCKED_BA,20000,PILOT V1 CONFIRMATORY ENDPOINT (RENORMALIZED ONLY),POST-HOC SECONDARY ANALYSIS,0.9899200201034546,0.9901599884033203,0.7861422300338745,0.3342321664094925,0.495930016040802,0.36987996101379395
2,BLOCKED_BA,4000,POST-HOC EXPLORATORY ANALYSIS,POST-HOC SECONDARY ANALYSIS,0.9785400032997131,0.5044400095939636,0.02516956627368927,0.6686476767063141,0.051899999380111694,0.062249988317489624
2,INTERLEAVED,10000,POST-HOC EXPLORATORY ANALYSIS,POST-HOC SECONDARY ANALYSIS,0.9805999994277954,0.9473199844360352,0.26924699544906616,0.649010956287384,0.12843000888824463,0.11048001050949097
2,INTERLEAVED,20000,PILOT V1 CONFIRMATORY ENDPOINT (RENORMALIZED ONLY),POST-HOC SECONDARY ANALYSIS,0.9870799779891968,0.9871000051498413,0.2699509859085083,0.6480333507061005,0.15749001502990723,0.1429300308227539
2,INTERLEAVED,4000,POST-HOC EXPLORATORY ANALYSIS,POST-HOC SECONDARY ANALYSIS,0.9636600017547607,0.9487000107765198,0.24802717566490173,0.6561459302902222,0.15622001886367798,0.12860000133514404
3,BLOCKED_AB,10000,POST-HOC EXPLORATORY ANALYSIS,POST-HOC SECONDARY ANALYSIS,0.9826800227165222,0.9760800004005432,0.7657405138015747,0.35726360976696014,0.4840399920940399,0.3632799983024597
3,BLOCKED_AB,20000,PILOT V1 CONFIRMATORY ENDPOINT (RENORMALIZED ONLY),POST-HOC SECONDARY ANALYSIS,0.9896399974822998,0.9881799817085266,0.7803077101707458,0.34291768074035645,0.49480003118515015,0.3668300211429596
3,BLOCKED_AB,4000,POST-HOC EXPLORATORY ANALYSIS,POST-HOC SECONDARY ANALYSIS,0.4996599853038788,0.9723399877548218,0.01509501039981842,0.6610552668571472,0.12481999397277832,0.13050004839897156
3,BLOCKED_BA,10000,POST-HOC EXPLORATORY ANALYSIS,POST-HOC SECONDARY ANALYSIS,0.9818400144577026,0.9768199920654297,0.7769434452056885,0.34039703011512756,0.4566900134086609,0.37450000643730164
3,BLOCKED_BA,20000,PILOT V1 CONFIRMATORY ENDPOINT (RENORMALIZED ONLY),POST-HOC SECONDARY ANALYSIS,0.987559974193573,0.9888399839401245,0.7801730632781982,0.3354993760585785,0.46931999921798706,0.3840700089931488
3,BLOCKED_BA,4000,POST-HOC EXPLORATORY ANALYSIS,POST-HOC SECONDARY ANALYSIS,0.9716399908065796,0.5066800117492676,0.022408396005630493,0.6757153570652008,0.07552996277809143,0.08368000388145447
3,INTERLEAVED,10000,POST-HOC EXPLORATORY ANALYSIS,POST-HOC SECONDARY ANALYSIS,0.9818199872970581,0.9726399779319763,0.6495435833930969,0.44649912416934967,0.3791600465774536,0.36629000306129456
3,INTERLEAVED,20000,PILOT V1 CONFIRMATORY ENDPOINT (RENORMALIZED ONLY),POST-HOC SECONDARY ANALYSIS,0.9877200126647949,0.9887199997901917,0.6556274890899658,0.44340795278549194,0.3768700063228607,0.36452001333236694
3,INTERLEAVED,4000,POST-HOC EXPLORATORY ANALYSIS,POST-HOC SECONDARY ANALYSIS,0.9662600159645081,0.9630799889564514,0.5756929516792297,0.4993191659450531,0.30169999599456787,0.29614999890327454
4,BLOCKED_AB,10000,POST-HOC EXPLORATORY ANALYSIS,POST-HOC SECONDARY ANALYSIS,0.9775599837303162,0.9780600070953369,0.6444283723831177,0.44883090257644653,0.35023999214172363,0.3513300120830536
4,BLOCKED_AB,20000,PILOT V1 CONFIRMATORY ENDPOINT (RENORMALIZED ONLY),POST-HOC SECONDARY ANALYSIS,0.9885600209236145,0.9864199757575989,0.6494489908218384,0.44729258120059967,0.3677399754524231,0.36847999691963196
4,BLOCKED_AB,4000,POST-HOC EXPLORATORY ANALYSIS,POST-HOC SECONDARY ANALYSIS,0.5030999779701233,0.9717000126838684,0.07082892954349518,0.6657487154006958,0.18415004014968872,0.18480005860328674
4,BLOCKED_BA,10000,POST-HOC EXPLORATORY ANALYSIS,POST-HOC SECONDARY ANALYSIS,0.971780002117157,0.9765599966049194,0.5234458446502686,0.47292524576187134,0.27110999822616577,0.26365000009536743
4,BLOCKED_BA,20000,PILOT V1 CONFIRMATORY ENDPOINT (RENORMALIZED ONLY),POST-HOC SECONDARY ANALYSIS,0.9870399832725525,0.987280011177063,0.5182526707649231,0.47154633700847626,0.289650022983551,0.2800000011920929
4,BLOCKED_BA,4000,POST-HOC EXPLORATORY ANALYSIS,POST-HOC SECONDARY ANALYSIS,0.9740399718284607,0.5010600090026855,0.014269277453422546,0.6854090988636017,0.020879969000816345,0.03456994891166687
4,INTERLEAVED,10000,POST-HOC EXPLORATORY ANALYSIS,POST-HOC SECONDARY ANALYSIS,0.9758999943733215,0.9789599776268005,0.5700500011444092,0.49331116676330566,0.28247004747390747,0.2686599791049957
4,INTERLEAVED,20000,PILOT V1 CONFIRMATORY ENDPOINT (RENORMALIZED ONLY),POST-HOC SECONDARY ANALYSIS,0.9887199997901917,0.9879199862480164,0.5630453824996948,0.4981500655412674,0.2889699935913086,0.2786400020122528
4,INTERLEAVED,4000,POST-HOC EXPLORATORY ANALYSIS,POST-HOC SECONDARY ANALYSIS,0.9617599844932556,0.9621999859809875,0.5078387260437012,0.539934903383255,0.23823001980781555,0.23070001602172852
5,BLOCKED_AB,10000,POST-HOC EXPLORATORY ANALYSIS,POST-HOC SECONDARY ANALYSIS,0.9789599776268005,0.9822999835014343,0.660494327545166,0.44063660502433777,0.4189299941062927,0.37108999490737915
5,BLOCKED_AB,20000,PILOT V1 CONFIRMATORY ENDPOINT (RENORMALIZED ONLY),POST-HOC SECONDARY ANALYSIS,0.9890599846839905,0.9890000224113464,0.6683664321899414,0.43450991809368134,0.4335099756717682,0.38214999437332153
5,BLOCKED_AB,4000,POST-HOC EXPLORATORY ANALYSIS,POST-HOC SECONDARY ANALYSIS,0.49946001172065735,0.9673399925231934,0.05353914201259613,0.6643191277980804,0.10595999658107758,0.11184996366500854
5,BLOCKED_BA,10000,POST-HOC EXPLORATORY ANALYSIS,POST-HOC SECONDARY ANALYSIS,0.9797000288963318,0.9823799729347229,0.808029294013977,0.30859375,0.47940999269485474,0.38098999857902527
5,BLOCKED_BA,20000,PILOT V1 CONFIRMATORY ENDPOINT (RENORMALIZED ONLY),POST-HOC SECONDARY ANALYSIS,0.9886199831962585,0.9892399907112122,0.8185526132583618,0.29742181301116943,0.48924002051353455,0.3864700198173523
5,BLOCKED_BA,4000,POST-HOC EXPLORATORY ANALYSIS,POST-HOC SECONDARY ANALYSIS,0.9752399921417236,0.5030999779701233,0.05289013683795929,0.6620397865772247,0.050119996070861816,0.058300018310546875
5,INTERLEAVED,10000,POST-HOC EXPLORATORY ANALYSIS,POST-HOC SECONDARY ANALYSIS,0.9756399989128113,0.9818800091743469,0.6357777118682861,0.4384807348251343,0.2886900305747986,0.2874999940395355
5,INTERLEAVED,20000,PILOT V1 CONFIRMATORY ENDPOINT (RENORMALIZED ONLY),POST-HOC SECONDARY ANALYSIS,0.9870799779891968,0.9875800013542175,0.6401376724243164,0.43589992821216583,0.29951000213623047,0.2987000048160553
5,INTERLEAVED,4000,POST-HOC EXPLORATORY ANALYSIS,POST-HOC SECONDARY ANALYSIS,0.9635000228881836,0.9609000086784363,0.57438725233078,0.49014903604984283,0.2235100120306015,0.2273099720478058
6,BLOCKED_AB,10000,POST-HOC EXPLORATORY ANALYSIS,POST-HOC SECONDARY ANALYSIS,0.9804400205612183,0.9771999716758728,0.8343114852905273,0.27830296754837036,0.4799499809741974,0.33886998891830444
6,BLOCKED_AB,20000,PILOT V1 CONFIRMATORY ENDPOINT (RENORMALIZED ONLY),POST-HOC SECONDARY ANALYSIS,0.9887199997901917,0.988099992275238,0.8399090766906738,0.2714247852563858,0.48781999945640564,0.3429200053215027
6,BLOCKED_AB,4000,POST-HOC EXPLORATORY ANALYSIS,POST-HOC SECONDARY ANALYSIS,0.5037800073623657,0.9704999923706055,0.0645308792591095,0.652200847864151,0.06150001287460327,0.07290995121002197
6,BLOCKED_BA,10000,POST-HOC EXPLORATORY ANALYSIS,POST-HOC SECONDARY ANALYSIS,0.9761800169944763,0.9752799868583679,0.745983362197876,0.37021252512931824,0.45659998059272766,0.4107699990272522
6,BLOCKED_BA,20000,PILOT V1 CONFIRMATORY ENDPOINT (RENORMALIZED ONLY),POST-HOC SECONDARY ANALYSIS,0.9875400066375732,0.9887400269508362,0.7517365217208862,0.3675512671470642,0.45573002099990845,0.4086899757385254
6,BLOCKED_BA,4000,POST-HOC EXPLORATORY ANALYSIS,POST-HOC SECONDARY ANALYSIS,0.9724599719047546,0.5031399726867676,0.023963510990142822,0.6671089828014374,0.10157996416091919,0.10673999786376953
6,INTERLEAVED,10000,POST-HOC EXPLORATORY ANALYSIS,POST-HOC SECONDARY ANALYSIS,0.9798799753189087,0.9576799869537354,0.007539123296737671,0.6592673063278198,0.10521000623703003,0.08667001128196716
6,INTERLEAVED,20000,PILOT V1 CONFIRMATORY ENDPOINT (RENORMALIZED ONLY),POST-HOC SECONDARY ANALYSIS,0.9861599802970886,0.9889000058174133,0.016560643911361694,0.6583501994609833,0.12968003749847412,0.11270004510879517
6,INTERLEAVED,4000,POST-HOC EXPLORATORY ANALYSIS,POST-HOC SECONDARY ANALYSIS,0.9612600207328796,0.9617800116539001,0.036019086837768555,0.6688664853572845,0.11333000659942627,0.09821000695228577
7,BLOCKED_AB,10000,POST-HOC EXPLORATORY ANALYSIS,POST-HOC SECONDARY ANALYSIS,0.9802600145339966,0.9774799942970276,0.854367733001709,0.25686875730752945,0.4815000295639038,0.35381999611854553
7,BLOCKED_AB,20000,PILOT V1 CONFIRMATORY ENDPOINT (RENORMALIZED ONLY),POST-HOC SECONDARY ANALYSIS,0.98853999376297,0.9881200194358826,0.8680458068847656,0.23963236063718796,0.4915600121021271,0.3547600209712982
7,BLOCKED_AB,4000,POST-HOC EXPLORATORY ANALYSIS,POST-HOC SECONDARY ANALYSIS,0.49987998604774475,0.9696800112724304,0.019887849688529968,0.6797266006469727,0.020809993147850037,0.03602001070976257
7,BLOCKED_BA,10000,POST-HOC EXPLORATORY ANALYSIS,POST-HOC SECONDARY ANALYSIS,0.9775000214576721,0.9786400198936462,0.6495317220687866,0.43711426854133606,0.37995997071266174,0.3635199964046478
7,BLOCKED_BA,20000,PILOT V1 CONFIRMATORY ENDPOINT (RENORMALIZED ONLY),POST-HOC SECONDARY ANALYSIS,0.987559974193573,0.987339973449707,0.657989501953125,0.432878315448761,0.3878999948501587,0.3707699775695801
7,BLOCKED_BA,4000,POST-HOC EXPLORATORY ANALYSIS,POST-HOC SECONDARY ANALYSIS,0.9747800230979919,0.5023800134658813,0.04469968378543854,0.6668961346149445,0.16648003458976746,0.16312000155448914
7,INTERLEAVED,10000,POST-HOC EXPLORATORY ANALYSIS,POST-HOC SECONDARY ANALYSIS,0.9790800213813782,0.9780799746513367,0.7257444858551025,0.38546322286129,0.39448001980781555,0.3738200068473816
7,INTERLEAVED,20000,PILOT V1 CONFIRMATORY ENDPOINT (RENORMALIZED ONLY),POST-HOC SECONDARY ANALYSIS,0.9887400269508362,0.9874399900436401,0.7316238880157471,0.38129353523254395,0.39594998955726624,0.37703999876976013
7,INTERLEAVED,4000,POST-HOC EXPLORATORY ANALYSIS,POST-HOC SECONDARY ANALYSIS,0.9645000100135803,0.9670799970626831,0.6809819936752319,0.42189866304397583,0.34046000242233276,0.3233399987220764
8,BLOCKED_AB,10000,POST-HOC EXPLORATORY ANALYSIS,POST-HOC SECONDARY ANALYSIS,0.966759979724884,0.9825400114059448,0.804384708404541,0.31494295597076416,0.47697001695632935,0.3646300137042999
8,BLOCKED_AB,20000,PILOT V1 CONFIRMATORY ENDPOINT (RENORMALIZED ONLY),POST-HOC SECONDARY ANALYSIS,0.9891999959945679,0.9880200028419495,0.8060356974601746,0.3123319745063782,0.4851699769496918,0.3690699636936188
8,BLOCKED_AB,4000,POST-HOC EXPLORATORY ANALYSIS,POST-HOC SECONDARY ANALYSIS,0.49619999527931213,0.9700000286102295,0.032452911138534546,0.6785983741283417,0.043670058250427246,0.05119001865386963
8,BLOCKED_BA,10000,POST-HOC EXPLORATORY ANALYSIS,POST-HOC SECONDARY ANALYSIS,0.9743199944496155,0.9829999804496765,0.8618934154510498,0.24655001610517502,0.4718800187110901,0.315699964761734
8,BLOCKED_BA,20000,PILOT V1 CONFIRMATORY ENDPOINT (RENORMALIZED ONLY),POST-HOC SECONDARY ANALYSIS,0.9894400238990784,0.9890000224113464,0.863102912902832,0.245090551674366,0.48684999346733093,0.33201998472213745
8,BLOCKED_BA,4000,POST-HOC EXPLORATORY ANALYSIS,POST-HOC SECONDARY ANALYSIS,0.9745200276374817,0.49994000792503357,0.007036611437797546,0.6753043830394745,0.039440035820007324,0.04907003045082092
8,INTERLEAVED,10000,POST-HOC EXPLORATORY ANALYSIS,POST-HOC SECONDARY ANALYSIS,0.9775800108909607,0.9832800030708313,0.7923805117607117,0.3301192820072174,0.4665600061416626,0.3261599838733673
8,INTERLEAVED,20000,PILOT V1 CONFIRMATORY ENDPOINT (RENORMALIZED ONLY),POST-HOC SECONDARY ANALYSIS,0.9892600178718567,0.9883400201797485,0.8012565970420837,0.3197757601737976,0.47391998767852783,0.3367599844932556
8,INTERLEAVED,4000,POST-HOC EXPLORATORY ANALYSIS,POST-HOC SECONDARY ANALYSIS,0.9650200009346008,0.958840012550354,0.7620623111724854,0.3601902574300766,0.4311300218105316,0.30507001280784607
9,BLOCKED_AB,10000,POST-HOC EXPLORATORY ANALYSIS,POST-HOC SECONDARY ANALYSIS,0.9733800292015076,0.9800400137901306,0.026260480284690857,0.6401805579662323,0.12174999713897705,0.12695002555847168
9,BLOCKED_AB,20000,PILOT V1 CONFIRMATORY ENDPOINT (RENORMALIZED ONLY),POST-HOC SECONDARY ANALYSIS,0.9890000224113464,0.9881399869918823,0.025483325123786926,0.6363034546375275,0.15227001905441284,0.15550002455711365
9,BLOCKED_AB,4000,POST-HOC EXPLORATORY ANALYSIS,POST-HOC SECONDARY ANALYSIS,0.49908000230789185,0.975600004196167,0.004268616437911987,0.6692149341106415,0.08981001377105713,0.09030002355575562
9,BLOCKED_BA,10000,POST-HOC EXPLORATORY ANALYSIS,POST-HOC SECONDARY ANALYSIS,0.9758999943733215,0.9807800054550171,0.06891104578971863,0.6469443142414093,0.0396600067615509,0.03870999813079834
9,BLOCKED_BA,20000,PILOT V1 CONFIRMATORY ENDPOINT (RENORMALIZED ONLY),POST-HOC SECONDARY ANALYSIS,0.9879199862480164,0.9884799718856812,0.07372148334980011,0.643540620803833,0.043209969997406006,0.04214999079704285
9,BLOCKED_BA,4000,POST-HOC EXPLORATORY ANALYSIS,POST-HOC SECONDARY ANALYSIS,0.9720600247383118,0.5091999769210815,0.007983267307281494,0.6646475195884705,0.12766006588935852,0.13280007243156433
9,INTERLEAVED,10000,POST-HOC EXPLORATORY ANALYSIS,POST-HOC SECONDARY ANALYSIS,0.9761999845504761,0.9798600077629089,0.7709720134735107,0.34439919888973236,0.4265199899673462,0.3932400345802307
9,INTERLEAVED,20000,PILOT V1 CONFIRMATORY ENDPOINT (RENORMALIZED ONLY),POST-HOC SECONDARY ANALYSIS,0.9882599711418152,0.9880800247192383,0.7858225107192993,0.33096766471862793,0.43365001678466797,0.39713001251220703
9,INTERLEAVED,4000,POST-HOC EXPLORATORY ANALYSIS,POST-HOC SECONDARY ANALYSIS,0.9650200009346008,0.9679399728775024,0.7192499041557312,0.39072220027446747,0.37262997031211853,0.3600099980831146
