seed,interleaved_accuracy_A,interleaved_accuracy_B,interleaved_balanced_accuracy,interleaved_routing_specialization,interleaved_causal_renormalized,interleaved_causal_non_renormalized,blocked_ab_accuracy_A,blocked_ab_accuracy_B,blocked_ab_balanced_accuracy,blocked_ab_routing_specialization,blocked_ab_causal_renormalized,blocked_ab_causal_non_renormalized,blocked_ba_accuracy_A,blocked_ba_accuracy_B,blocked_ba_balanced_accuracy,blocked_ba_routing_specialization,blocked_ba_causal_renormalized,blocked_ba_causal_non_renormalized,blocked_mean_causal_renormalized,D_s_renormalized,blocked_mean_causal_non_renormalized,D_s_non_renormalized,blocked_mean_balanced_accuracy,blocked_minus_interleaved_balanced_accuracy
100,0.9881600141525269,0.9869800209999084,0.9875700175762177,0.6603268384933472,0.3162499964237213,0.3141400218009949,0.9890599846839905,0.9874399900436401,0.9882499873638153,0.4746813178062439,0.26996999979019165,0.24643999338150024,0.9888799786567688,0.9889799952507019,0.9889299869537354,0.7796184420585632,0.4738899767398834,0.38637998700141907,0.37192998826503754,0.05567999184131622,0.31640999019145966,0.0022699683904647827,0.9885899871587753,0.0010199695825576782
101,0.9888799786567688,0.9886400103569031,0.9887599945068359,0.1774389147758484,0.14125999808311462,0.12371000647544861,0.9892399907112122,0.9889000058174133,0.9890699982643127,0.8067331910133362,0.48568999767303467,0.3492400050163269,0.9881600141525269,0.9889400005340576,0.9885500073432922,0.5575935244560242,0.3847099840641022,0.3549800217151642,0.4351999908685684,0.2939399927854538,0.35211001336574554,0.22840000689029694,0.9888100028038025,5.0008296966552734e-05
102,0.9881399869918823,0.9874200224876404,0.9877800047397614,0.10617311298847198,0.10976001620292664,0.08037000894546509,0.9890199899673462,0.9886800050735474,0.9888499975204468,0.26052480936050415,0.2512200176715851,0.24426999688148499,0.9887400269508362,0.9896399974822998,0.989190012216568,0.7898846864700317,0.47745996713638306,0.354420006275177,0.36433999240398407,0.25457997620105743,0.299345001578331,0.2189749926328659,0.9890200048685074,0.0012400001287460327
103,0.9891600012779236,0.9892200231552124,0.989190012216568,0.6777666211128235,0.4217199683189392,0.33103999495506287,0.9901400208473206,0.9891200065612793,0.9896300137042999,0.8157024383544922,0.4718899726867676,0.36191996932029724,0.9892799854278564,0.9892600178718567,0.9892700016498566,0.8513823747634888,0.49243998527526855,0.361160010099411,0.48216497898101807,0.06044501066207886,0.3615399897098541,0.03049999475479126,0.9894500076770782,0.0002599954605102539
104,0.9875400066375732,0.9888200163841248,0.988180011510849,0.6371618509292603,0.3230400085449219,0.32221001386642456,0.9890199899673462,0.9890400171279907,0.9890300035476685,0.7197282314300537,0.45702996850013733,0.336249977350235,0.9877200126647949,0.9897599816322327,0.9887399971485138,0.3342443108558655,0.2038699984550476,0.1921599805355072,0.33044998347759247,0.007409974932670593,0.2642049789428711,-0.05800503492355347,0.9888850003480911,0.0007049888372421265
105,0.9874399900436401,0.9881799817085266,0.9878099858760834,0.6908392906188965,0.3363800048828125,0.33410996198654175,0.9890599846839905,0.9894000291824341,0.9892300069332123,0.8087280988693237,0.4829399883747101,0.3769099712371826,0.987820029258728,0.9899399876594543,0.9888800084590912,0.7064096927642822,0.4499000012874603,0.40497997403144836,0.4664199948310852,0.1300399899482727,0.3909449726343155,0.05683501064777374,0.9890550076961517,0.0012450218200683594
106,0.9883599877357483,0.9887199997901917,0.98853999376297,0.6915368437767029,0.3769799768924713,0.3578700125217438,0.9887999892234802,0.9883999824523926,0.9885999858379364,0.7942901849746704,0.4691600203514099,0.3743800222873688,0.9884399771690369,0.9899799823760986,0.9892099797725677,0.851398229598999,0.49647000432014465,0.3357800245285034,0.4828150123357773,0.10583503544330597,0.3550800234079361,-0.0027899891138076782,0.9889049828052521,0.0003649890422821045
107,0.9876800179481506,0.9887800216674805,0.9882300198078156,0.7230013012886047,0.35329997539520264,0.34804999828338623,0.9894599914550781,0.9894999861717224,0.9894799888134003,0.8163094520568848,0.4726099967956543,0.3826899826526642,0.9886599779129028,0.9896399974822998,0.9891499876976013,0.7750194668769836,0.4468799829483032,0.3861599862575531,0.45974498987197876,0.10644501447677612,0.38442498445510864,0.03637498617172241,0.9893149882555008,0.0010849684476852417
108,0.9877399802207947,0.9877200126647949,0.9877299964427948,0.6929172277450562,0.3324599862098694,0.3297100067138672,0.9893400073051453,0.989359974861145,0.9893499910831451,0.8007108569145203,0.47824999690055847,0.3742699921131134,0.9882599711418152,0.9886199831962585,0.9884399771690369,0.7396106123924255,0.4465699791908264,0.4032500088214874,0.46240998804569244,0.12995000183582306,0.3887600004673004,0.05904999375343323,0.988894984126091,0.0011649876832962036
109,0.9888200163841248,0.987559974193573,0.9881899952888489,0.4716067314147949,0.2341499924659729,0.23778003454208374,0.9894999861717224,0.9871199727058411,0.9883099794387817,0.1379004418849945,0.1050499677658081,0.08663001656532288,0.989080011844635,0.989300012588501,0.989190012216568,0.7855156064033508,0.47036999464035034,0.36403000354766846,0.2877099812030792,0.05355998873710632,0.22533001005649567,-0.012450024485588074,0.9887499958276749,0.0005600005388259888
110,0.9875800013542175,0.9880800247192383,0.9878300130367279,0.591975212097168,0.26513999700546265,0.2659199833869934,0.9884799718856812,0.9878000020980835,0.9881399869918823,0.4849393367767334,0.27320000529289246,0.2748100161552429,0.9886599779129028,0.9889600276947021,0.9888100028038025,0.7134393453598022,0.39845001697540283,0.3853899836540222,0.33582501113414764,0.070685014128685,0.33009999990463257,0.06418001651763916,0.9884749948978424,0.000644981861114502
111,0.9889199733734131,0.9893800020217896,0.9891499876976013,0.8297727704048157,0.4766499996185303,0.34554997086524963,0.9894400238990784,0.9887999892234802,0.9891200065612793,0.8509899377822876,0.4996500015258789,0.3416299819946289,0.9893400073051453,0.9891999959945679,0.9892700016498566,0.7875024080276489,0.492279976606369,0.3684700131416321,0.49596498906612396,0.01931498944759369,0.3550499975681305,0.00950002670288086,0.9891950041055679,4.501640796661377e-05
112,0.9890199899673462,0.9872199892997742,0.9881199896335602,0.45505332946777344,0.31926000118255615,0.29221001267433167,0.9894800186157227,0.9884600043296814,0.988970011472702,0.7971550822257996,0.4855700135231018,0.3625899851322174,0.9895600080490112,0.9898399710655212,0.9896999895572662,0.817435622215271,0.5014400482177734,0.3571600019931793,0.4935050308704376,0.17424502968788147,0.35987499356269836,0.0676649808883667,0.9893350005149841,0.0012150108814239502
113,0.9871000051498413,0.9870200157165527,0.987060010433197,0.6078963875770569,0.28161001205444336,0.2807199954986572,0.9891600012779236,0.987820029258728,0.9884900152683258,0.07174666225910187,0.1029299795627594,0.09403994679450989,0.9882799983024597,0.9885600209236145,0.9884200096130371,0.7752529382705688,0.47221001982688904,0.3781700134277344,0.2875699996948242,0.005959987640380859,0.23610498011112213,-0.044615015387535095,0.9884550124406815,0.001395002007484436
114,0.9876400232315063,0.9874600172042847,0.9875500202178955,0.5930778980255127,0.2871500253677368,0.287259966135025,0.9883999824523926,0.9878600239753723,0.9881300032138824,0.8288261890411377,0.4685699939727783,0.3753700256347656,0.9888200163841248,0.9891200065612793,0.988970011472702,0.7811846137046814,0.4618699848651886,0.356440007686615,0.46521998941898346,0.17806996405124664,0.3659050166606903,0.07864505052566528,0.9885500073432922,0.0009999871253967285
115,0.9884399771690369,0.9878399968147278,0.9881399869918823,0.6203874945640564,0.3516699969768524,0.3423199951648712,0.9899600148200989,0.9882000088691711,0.989080011844635,0.8022083044052124,0.4884200096130371,0.3675699830055237,0.989139974117279,0.9883800148963928,0.9887599945068359,0.7273900508880615,0.4549899697303772,0.3653799891471863,0.47170498967170715,0.12003499269485474,0.366474986076355,0.024154990911483765,0.9889200031757355,0.0007800161838531494
116,0.987339973449707,0.9874600172042847,0.9873999953269958,0.5330519676208496,0.280460000038147,0.2755200266838074,0.9879400134086609,0.9877200126647949,0.9878300130367279,0.6997784972190857,0.42079001665115356,0.384909987449646,0.9884399771690369,0.9891200065612793,0.9887799918651581,0.8035637140274048,0.4876599907875061,0.34285998344421387,0.45422500371932983,0.17376500368118286,0.36388498544692993,0.08836495876312256,0.988305002450943,0.0009050071239471436
117,0.9868800044059753,0.989139974117279,0.9880099892616272,0.5854393243789673,0.2961200177669525,0.2905200123786926,0.9878600239753723,0.98853999376297,0.9882000088691711,0.39524543285369873,0.23184998333454132,0.2281300127506256,0.9889400005340576,0.9897199869155884,0.989329993724823,0.7374489307403564,0.4745999872684479,0.3905099928379059,0.3532249853014946,0.057104967534542084,0.30932000279426575,0.01879999041557312,0.9887650012969971,0.000755012035369873
118,0.989080011844635,0.9871600270271301,0.9881200194358826,0.618577241897583,0.3098900020122528,0.3090599775314331,0.9900400042533875,0.9889000058174133,0.9894700050354004,0.7715011835098267,0.46533000469207764,0.3769899904727936,0.9886000156402588,0.9902799725532532,0.989439994096756,0.8170363903045654,0.49866002798080444,0.36090999841690063,0.48199501633644104,0.17210501432418823,0.3689499944448471,0.059890016913414,0.9894549995660782,0.0013349801301956177
119,0.9884399771690369,0.9884999990463257,0.9884699881076813,0.3429866433143616,0.16109000146389008,0.16086998581886292,0.9893800020217896,0.9874399900436401,0.9884099960327148,0.6944174766540527,0.416130006313324,0.3796899914741516,0.9885200262069702,0.9900000095367432,0.9892600178718567,0.8094778060913086,0.4936400353908539,0.3668299913406372,0.45488502085208893,0.29379501938819885,0.3732599914073944,0.2123900055885315,0.9888350069522858,0.0003650188446044922
